Frame_Size, 640, 480
0, 0, 0.5589867234230042, 0.669384241104126, -1.4263075590133667, 0.9999140501022339
0, 1, 0.590820848941803, 0.5899673700332642, -1.3442037105560303, 0.9997828602790833
0, 2, 0.6108815670013428, 0.5904620885848999, -1.3446650505065918, 0.9998327493667603
0, 3, 0.6329174637794495, 0.5916719436645508, -1.3446605205535889, 0.9997053742408752
0, 4, 0.5222343802452087, 0.5927949547767639, -1.34548819065094, 0.9997895359992981
0, 5, 0.4986897110939026, 0.5944768190383911, -1.3442800045013428, 0.9998500347137451
0, 6, 0.4782222807407379, 0.5973834991455078, -1.3448480367660522, 0.9998164772987366
0, 7, 0.6742019653320312, 0.6255161762237549, -0.7901672124862671, 0.9997740387916565
0, 8, 0.4537600576877594, 0.6382157802581787, -0.7625524401664734, 0.9999179840087891
0, 9, 0.6057789325714111, 0.7489808797836304, -1.2149263620376587, 0.9998757839202881
0, 10, 0.5184187293052673, 0.7541179656982422, -1.2096422910690308, 0.9999216794967651
0, 11, 0.85777747631073, 0.9892026782035828, -0.44536423683166504, 0.9895524382591248
0, 12, 0.2979811728000641, 0.9930676817893982, -0.4728628695011139, 0.9981483221054077
0, 13, 0.9782911539077759, 1.4018362760543823, -0.6582072377204895, 0.039445653557777405
0, 14, 0.19255688786506653, 1.5427968502044678, -0.5176105499267578, 0.4706346094608307
0, 15, 0.9284241795539856, 1.662591814994812, -1.4182175397872925, 0.03512686863541603
0, 16, 0.27090802788734436, 1.8986185789108276, -1.1981443166732788, 0.27770352363586426
0, 17, 0.9567292928695679, 1.76572585105896, -1.610459566116333, 0.05475868284702301
0, 18, 0.2657407522201538, 2.04677152633667, -1.3811415433883667, 0.3111962378025055
0, 19, 0.8973520994186401, 1.7456028461456299, -1.6494308710098267, 0.08596502244472504
0, 20, 0.32147473096847534, 1.999980092048645, -1.4624273777008057, 0.43653160333633423
0, 21, 0.8725902438163757, 1.709409475326538, -1.4688411951065063, 0.09478709101676941
0, 22, 0.33459779620170593, 1.946140170097351, -1.2540979385375977, 0.4156666100025177
0, 23, 0.7978023886680603, 1.8793476819992065, -0.08219905197620392, 0.00029359135078266263
0, 24, 0.4144461154937744, 1.8959012031555176, 0.09006533026695251, 0.00026895783958025277
0, 25, 0.8021186590194702, 2.604139804840088, -0.19125673174858093, 8.251368126366287e-05
0, 26, 0.463693231344223, 2.6060714721679688, 0.09162311255931854, 4.354244447313249e-05
0, 27, 0.8150409460067749, 3.2175607681274414, 0.6854549646377563, 1.0045007911685389e-05
0, 28, 0.483409583568573, 3.2313385009765625, 0.7547940015792847, 1.3196129202697193e-06
0, 29, 0.8283435702323914, 3.3256630897521973, 0.7234845757484436, 1.150610205513658e-05
0, 30, 0.4788435995578766, 3.346524477005005, 0.7937065958976746, 3.7561003409791738e-06
0, 31, 0.7487500309944153, 3.4425148963928223, -0.12279035896062851, 2.299584957654588e-05
0, 32, 0.5536485910415649, 3.4395086765289307, -0.07895295321941376, 3.270769593655132e-05
1, 0, 0.5551275014877319, 0.6497312784194946, -1.419403076171875, 0.9999123811721802
1, 1, 0.5869060754776001, 0.5747057199478149, -1.3293753862380981, 0.9998093247413635
1, 2, 0.6068326234817505, 0.5754176378250122, -1.3298978805541992, 0.9998574256896973
1, 3, 0.6291731595993042, 0.5764338970184326, -1.3299849033355713, 0.9997736811637878
1, 4, 0.5200318098068237, 0.5786216259002686, -1.3303941488265991, 0.9997919201850891
1, 5, 0.4971262514591217, 0.5812666416168213, -1.3290959596633911, 0.9998451471328735
1, 6, 0.4776579439640045, 0.5844509601593018, -1.329695224761963, 0.9998121857643127
1, 7, 0.671923041343689, 0.6155688762664795, -0.7626075744628906, 0.9998409748077393
1, 8, 0.45297345519065857, 0.6269731521606445, -0.7359087467193604, 0.9998970031738281
1, 9, 0.6020412445068359, 0.729846715927124, -1.205033302307129, 0.9998844861984253
1, 10, 0.5147472023963928, 0.7387397289276123, -1.2006813287734985, 0.9999063014984131
1, 11, 0.8528183102607727, 0.9850903153419495, -0.4467822015285492, 0.9929520487785339
1, 12, 0.29807791113853455, 0.9851410388946533, -0.45493611693382263, 0.9979037046432495
1, 13, 0.9773642420768738, 1.4126784801483154, -0.624687910079956, 0.06408298760652542
1, 14, 0.20356473326683044, 1.5218663215637207, -0.5252346396446228, 0.4613361358642578
1, 15, 0.9319361448287964, 1.7549618482589722, -1.3241132497787476, 0.03538905084133148
1, 16, 0.27807822823524475, 1.8722258806228638, -1.245992660522461, 0.19409328699111938
1, 17, 0.9623774290084839, 1.8879612684249878, -1.5183436870574951, 0.046828318387269974
1, 18, 0.2737780511379242, 2.023409366607666, -1.441623568534851, 0.22592349350452423
1, 19, 0.8960977792739868, 1.8801655769348145, -1.5742942094802856, 0.07575277984142303
1, 20, 0.329017698764801, 1.9809205532073975, -1.5322291851043701, 0.3335670530796051
1, 21, 0.8720704317092896, 1.8288871049880981, -1.3809109926223755, 0.08160782605409622
1, 22, 0.3407441973686218, 1.9259815216064453, -1.3090128898620605, 0.30693936347961426
1, 23, 0.7919493913650513, 1.855267882347107, -0.07597047090530396, 0.0005817810888402164
1, 24, 0.41393333673477173, 1.8760005235671997, 0.08395758271217346, 0.0005170486401766539
1, 25, 0.8130695223808289, 2.5722434520721436, -0.23756150901317596, 0.00012693465396296233
1, 26, 0.4822230339050293, 2.577418088912964, 0.09290007501840591, 6.038005813024938e-05
1, 27, 0.8370276689529419, 3.180264472961426, 0.5874091982841492, 1.3946935723652132e-05
1, 28, 0.5167127847671509, 3.205676555633545, 0.7103726863861084, 1.995669663301669e-06
1, 29, 0.8530821800231934, 3.284562587738037, 0.6204453706741333, 1.7261309039895423e-05
1, 30, 0.5149083137512207, 3.3221583366394043, 0.7431135773658752, 6.0352276705089025e-06
1, 31, 0.769966721534729, 3.4065146446228027, -0.24214474856853485, 3.281010140199214e-05
1, 32, 0.5868895053863525, 3.4080452919006348, -0.14003078639507294, 4.197477755951695e-05
2, 0, 0.5567669868469238, 0.6520082950592041, -1.4757890701293945, 0.9997946619987488
2, 1, 0.5863094925880432, 0.5749398469924927, -1.3901280164718628, 0.9996274709701538
2, 2, 0.6073037385940552, 0.5744439363479614, -1.3906726837158203, 0.9997068047523499
2, 3, 0.6289526224136353, 0.5749987363815308, -1.3908931016921997, 0.999579131603241
2, 4, 0.519088864326477, 0.5820966362953186, -1.3899545669555664, 0.9995629191398621
2, 5, 0.49580320715904236, 0.5856536626815796, -1.3887006044387817, 0.9996337890625
2, 6, 0.4760396480560303, 0.5899263024330139, -1.3892228603363037, 0.9995725750923157
2, 7, 0.6712546944618225, 0.6125656366348267, -0.832506537437439, 0.9997244477272034
2, 8, 0.45170506834983826, 0.6349159479141235, -0.8030651807785034, 0.9997476935386658
2, 9, 0.6035617589950562, 0.7297695875167847, -1.263663411140442, 0.999794065952301
2, 10, 0.5191547274589539, 0.7398549318313599, -1.2584043741226196, 0.9998249411582947
2, 11, 0.8463424444198608, 0.9777228236198425, -0.5425441265106201, 0.9906531572341919
2, 12, 0.2980506122112274, 0.9906287789344788, -0.48248201608657837, 0.9939925074577332
2, 13, 0.9702529907226562, 1.3936538696289062, -0.76310133934021, 0.07863257080316544
2, 14, 0.20163187384605408, 1.503633975982666, -0.5943703651428223, 0.35381826758384705
2, 15, 0.9208413362503052, 1.7268413305282593, -1.4570198059082031, 0.04130703955888748
2, 16, 0.2742927372455597, 1.8226009607315063, -1.3960177898406982, 0.12289133667945862
2, 17, 0.9498938322067261, 1.8579039573669434, -1.6583337783813477, 0.051641203463077545
2, 18, 0.272551566362381, 1.9631909132003784, -1.5995960235595703, 0.14690802991390228
2, 19, 0.8801623582839966, 1.8458712100982666, -1.7061036825180054, 0.0826195478439331
2, 20, 0.32524776458740234, 1.9166561365127563, -1.6823956966400146, 0.22963708639144897
2, 21, 0.8576458096504211, 1.7974300384521484, -1.508500099182129, 0.08668554574251175
2, 22, 0.33607637882232666, 1.8668156862258911, -1.4582250118255615, 0.20985367894172668
2, 23, 0.7803193926811218, 1.8511326313018799, -0.09589239209890366, 0.0005015929345972836
2, 24, 0.41546717286109924, 1.875576138496399, 0.10359738022089005, 0.00039913071668706834
2, 25, 0.8025254011154175, 2.547311305999756, -0.1752018928527832, 0.0002305047382833436
2, 26, 0.4797825813293457, 2.549976348876953, 0.04565454646945, 0.00012078673898940906
2, 27, 0.8320459127426147, 3.1472575664520264, 0.6215804219245911, 1.5438739865203388e-05
2, 28, 0.5175752639770508, 3.165560007095337, 0.6364019513130188, 2.7717653665604303e-06
2, 29, 0.8485184907913208, 3.2527334690093994, 0.6511446237564087, 1.6702950233593583e-05
2, 30, 0.5176764726638794, 3.2825546264648438, 0.6680313348770142, 7.886020284786355e-06
2, 31, 0.7683376669883728, 3.369351863861084, -0.19317206740379333, 3.0459992558462545e-05
2, 32, 0.5869576334953308, 3.3599090576171875, -0.20038649439811707, 4.909050403512083e-05
3, 0, 0.5578265190124512, 0.6716203689575195, -1.564119577407837, 0.9998700618743896
3, 1, 0.5871241092681885, 0.5928341150283813, -1.4772049188613892, 0.9997894167900085
3, 2, 0.6071183681488037, 0.5920922756195068, -1.4777120351791382, 0.9998235106468201
3, 3, 0.6279140114784241, 0.5920530557632446, -1.4777311086654663, 0.9997431635856628
3, 4, 0.5194284319877625, 0.5966765880584717, -1.4748412370681763, 0.9997537732124329
3, 5, 0.49635276198387146, 0.5987552404403687, -1.4738506078720093, 0.9997792840003967
3, 6, 0.4763724207878113, 0.6022742986679077, -1.4743295907974243, 0.9997518658638
3, 7, 0.6691260933876038, 0.621437668800354, -0.9214451909065247, 0.9998683929443359
3, 8, 0.4537408947944641, 0.6426053643226624, -0.8865551948547363, 0.9998761415481567
3, 9, 0.6016570329666138, 0.7463150024414062, -1.3525922298431396, 0.999913215637207
3, 10, 0.5195291042327881, 0.7540303468704224, -1.346712589263916, 0.9999343156814575
3, 11, 0.8445862531661987, 0.9845619797706604, -0.6339832544326782, 0.9923917651176453
3, 12, 0.29704535007476807, 0.9838943481445312, -0.5066911578178406, 0.9950921535491943
3, 13, 0.9710241556167603, 1.406247854232788, -0.9268681406974792, 0.12379414588212967
3, 14, 0.2095184028148651, 1.5129567384719849, -0.5969231724739075, 0.49290230870246887
3, 15, 0.9316803216934204, 1.7262089252471924, -1.6822353601455688, 0.06455378234386444
3, 16, 0.27216535806655884, 1.8144623041152954, -1.3834030628204346, 0.17190228402614594
3, 17, 0.9588052034378052, 1.848964810371399, -1.8954122066497803, 0.07011322677135468
3, 18, 0.27354350686073303, 1.9537181854248047, -1.581874966621399, 0.18891608715057373
3, 19, 0.8938422203063965, 1.831963062286377, -1.9390952587127686, 0.10290692746639252
3, 20, 0.3189977705478668, 1.8951443433761597, -1.656721830368042, 0.28832921385765076
3, 21, 0.8694347143173218, 1.789094090461731, -1.7314274311065674, 0.11038897186517715
3, 22, 0.3311108946800232, 1.8470275402069092, -1.4414836168289185, 0.26117783784866333
3, 23, 0.7682724595069885, 1.8463294506072998, -0.09816955029964447, 0.0022869883105158806
3, 24, 0.40859872102737427, 1.863538146018982, 0.10606972128152847, 0.0018276089103892446
3, 25, 0.7767763137817383, 2.5103461742401123, -0.5188565850257874, 0.0006147751118987799
3, 26, 0.46133118867874146, 2.490718364715576, -0.3374897837638855, 0.00037305624573491514
3, 27, 0.7972053289413452, 3.092613697052002, 0.3355875611305237, 7.1735189521859866e-06
3, 28, 0.48400503396987915, 3.0950372219085693, 0.2578081488609314, 3.5531541016098345e-06
3, 29, 0.8094022870063782, 3.1993327140808105, 0.36836984753608704, 1.058153520716587e-05
3, 30, 0.4844767451286316, 3.216670036315918, 0.2868817448616028, 8.412162969761994e-06
3, 31, 0.7355371713638306, 3.3199846744537354, -0.4927384853363037, 2.3543187126051635e-05
3, 32, 0.5489501357078552, 3.289536476135254, -0.6070565581321716, 7.257863035192713e-05
4, 0, 0.5587314963340759, 0.6697070598602295, -1.6152942180633545, 0.9984815716743469
4, 1, 0.591641366481781, 0.5976988077163696, -1.5383855104446411, 0.9964691400527954
4, 2, 0.6135631203651428, 0.5971249341964722, -1.5388270616531372, 0.9970963001251221
4, 3, 0.6343414783477783, 0.5977305173873901, -1.5391006469726562, 0.9953622221946716
4, 4, 0.5193021893501282, 0.6008014678955078, -1.5449018478393555, 0.9970232844352722
4, 5, 0.4946649670600891, 0.6044881343841553, -1.5443570613861084, 0.9976643323898315
4, 6, 0.4723126292228699, 0.6098476648330688, -1.5451083183288574, 0.9974018335342407
4, 7, 0.6784902811050415, 0.6314042806625366, -0.9735611081123352, 0.9966956377029419
4, 8, 0.4480753540992737, 0.6485581994056702, -0.9868279695510864, 0.9987579584121704
4, 9, 0.60545414686203, 0.7564758062362671, -1.390734076499939, 0.9985257983207703
4, 10, 0.5207292437553406, 0.764761209487915, -1.3967894315719604, 0.9992703795433044
4, 11, 0.8388344049453735, 0.983120858669281, -0.5704273581504822, 0.9621124863624573
4, 12, 0.2885127663612366, 1.0014301538467407, -0.5974132418632507, 0.9891487956047058
4, 13, 0.941925048828125, 1.407307744026184, -0.7243508696556091, 0.05953388288617134
4, 14, 0.1807769536972046, 1.4753936529159546, -0.6127994060516357, 0.28011342883110046
4, 15, 0.902777373790741, 1.7364662885665894, -1.4075771570205688, 0.013628415763378143
4, 16, 0.2505043148994446, 1.8303691148757935, -1.276204228401184, 0.06896980106830597
4, 17, 0.9307233095169067, 1.8565434217453003, -1.6003259420394897, 0.021617218852043152
4, 18, 0.24921007454395294, 1.9752717018127441, -1.4774041175842285, 0.08383631706237793
4, 19, 0.8725211024284363, 1.8448965549468994, -1.6676208972930908, 0.03421510010957718
4, 20, 0.3030453324317932, 1.9409393072128296, -1.5574134588241577, 0.13324034214019775
4, 21, 0.8495296239852905, 1.797426462173462, -1.465909481048584, 0.03273662552237511
4, 22, 0.31479814648628235, 1.88788902759552, -1.33376944065094, 0.11208900064229965
4, 23, 0.7386845946311951, 1.8526979684829712, -0.05941363424062729, 0.0005143093294464052
4, 24, 0.38347241282463074, 1.864087700843811, 0.066214919090271, 0.00049824349116534
4, 25, 0.7509526014328003, 2.5530879497528076, -0.2833278179168701, 0.001123506692238152
4, 26, 0.42736881971359253, 2.533818244934082, -0.3887263238430023, 0.0003974170540459454
4, 27, 0.77149498462677, 3.154686212539673, 0.5190014839172363, 2.472082996973768e-05
4, 28, 0.45064347982406616, 3.1664862632751465, 0.19007481634616852, 1.1617376003414392e-05
4, 29, 0.7809613943099976, 3.256930351257324, 0.5519191026687622, 1.6569651052122936e-05
4, 30, 0.45347076654434204, 3.2841649055480957, 0.21861007809638977, 1.2470451110857539e-05
4, 31, 0.7181006669998169, 3.38824200630188, -0.24238722026348114, 6.658044731011614e-05
4, 32, 0.5117943286895752, 3.365920066833496, -0.6523949503898621, 0.00011817945051006973
5, 0, 0.5594944357872009, 0.6630233526229858, -1.3878412246704102, 0.998400866985321
5, 1, 0.5900896191596985, 0.5925092697143555, -1.3089419603347778, 0.9974315762519836
5, 2, 0.6117088794708252, 0.5916410088539124, -1.3093650341033936, 0.9976769089698792
5, 3, 0.6318234801292419, 0.5913393497467041, -1.3096626996994019, 0.9969107508659363
5, 4, 0.5208790898323059, 0.5962604284286499, -1.3187730312347412, 0.9976779818534851
5, 5, 0.49762243032455444, 0.5996131896972656, -1.3182172775268555, 0.9980385899543762
5, 6, 0.4769347310066223, 0.6051826477050781, -1.3189747333526611, 0.9980145692825317
5, 7, 0.6742353439331055, 0.6273324489593506, -0.7562848329544067, 0.9974912405014038
5, 8, 0.45505866408348083, 0.6481576561927795, -0.7879210114479065, 0.9989246726036072
5, 9, 0.6055527925491333, 0.7417733669281006, -1.1720867156982422, 0.9984666109085083
5, 10, 0.524631917476654, 0.752705991268158, -1.1825112104415894, 0.9991016387939453
5, 11, 0.8265611529350281, 0.9849207997322083, -0.3732146620750427, 0.9666797518730164
5, 12, 0.31513625383377075, 0.9782809615135193, -0.4569126069545746, 0.9877234697341919
5, 13, 0.9312046766281128, 1.356548547744751, -0.5411242842674255, 0.047843191772699356
5, 14, 0.17599019408226013, 1.4073865413665771, -0.5665595531463623, 0.25909167528152466
5, 15, 0.8984965085983276, 1.6311938762664795, -1.2397902011871338, 0.012350470758974552
5, 16, 0.2287297248840332, 1.7081682682037354, -1.2986972332000732, 0.054532647132873535
5, 17, 0.9203125238418579, 1.7367128133773804, -1.4135355949401855, 0.020967945456504822
5, 18, 0.22684797644615173, 1.8350703716278076, -1.502244472503662, 0.07076237350702286
5, 19, 0.8749527931213379, 1.7166671752929688, -1.4891369342803955, 0.03259556367993355
5, 20, 0.27594810724258423, 1.7996330261230469, -1.5698386430740356, 0.10972384363412857
5, 21, 0.8556051254272461, 1.6772360801696777, -1.3025463819503784, 0.03089691326022148
5, 22, 0.28429466485977173, 1.7557624578475952, -1.3541682958602905, 0.0972636342048645
5, 23, 0.7391749620437622, 1.8340399265289307, -0.05007020756602287, 0.0005210116505622864
5, 24, 0.4009924829006195, 1.8428705930709839, 0.057094864547252655, 0.0005100789712741971
5, 25, 0.7491361498832703, 2.5269720554351807, -0.21536533534526825, 0.0009121234179474413
5, 26, 0.43263673782348633, 2.508545398712158, -0.33503028750419617, 0.00034884046181105077
5, 27, 0.7730280160903931, 3.1436197757720947, 0.3501523435115814, 2.9800954507663846e-05
5, 28, 0.45117825269699097, 3.150763988494873, 0.02928251028060913, 1.2645827155211009e-05
5, 29, 0.7846746444702148, 3.2447938919067383, 0.3597513437271118, 1.918579073389992e-05
5, 30, 0.44919127225875854, 3.2627854347229004, 0.03602071851491928, 1.4735946933797095e-05
5, 31, 0.7146800756454468, 3.353090763092041, -0.411643922328949, 5.387081182561815e-05
5, 32, 0.5119468569755554, 3.338667392730713, -0.7999460697174072, 8.734659786568955e-05
6, 0, 0.5584248900413513, 0.6647475957870483, -1.5242868661880493, 0.9982450008392334
6, 1, 0.5920770168304443, 0.5961042642593384, -1.4422807693481445, 0.9970188140869141
6, 2, 0.6137020587921143, 0.5965920686721802, -1.4427868127822876, 0.9971364736557007
6, 3, 0.6347687840461731, 0.5977212190628052, -1.4430739879608154, 0.9965596795082092
6, 4, 0.5199155211448669, 0.5986031293869019, -1.451035499572754, 0.9972564578056335
6, 5, 0.4950646460056305, 0.6019726991653442, -1.4504692554473877, 0.9974786639213562
6, 6, 0.4721769690513611, 0.6072475910186768, -1.4513031244277954, 0.9976730942726135
6, 7, 0.672858476638794, 0.6293917894363403, -0.8527754545211792, 0.9971056580543518
6, 8, 0.44851645827293396, 0.6439889669418335, -0.8760887980461121, 0.9984891414642334
6, 9, 0.6064199805259705, 0.7509602308273315, -1.2931663990020752, 0.9983626008033752
6, 10, 0.5226153135299683, 0.7570255994796753, -1.3008975982666016, 0.99894779920578
6, 11, 0.8343575596809387, 0.9772450923919678, -0.43509942293167114, 0.9787299036979675
6, 12, 0.3107959032058716, 1.0038467645645142, -0.4975280165672302, 0.9893466830253601
6, 13, 0.9604989886283875, 1.3697315454483032, -0.5590003132820129, 0.09297368675470352
6, 14, 0.20044061541557312, 1.4587013721466064, -0.5184271335601807, 0.29352349042892456
6, 15, 0.9302870035171509, 1.7206403017044067, -1.2816096544265747, 0.016765473410487175
6, 16, 0.23768475651741028, 1.7796473503112793, -1.224406123161316, 0.07858670502901077
6, 17, 0.9562264680862427, 1.8502757549285889, -1.475393295288086, 0.025811342522501945
6, 18, 0.22924605011940002, 1.911115050315857, -1.440638542175293, 0.09853173792362213
6, 19, 0.9033872485160828, 1.8369451761245728, -1.5762063264846802, 0.041469644755125046
6, 20, 0.2722375988960266, 1.8799386024475098, -1.5480190515518188, 0.15363456308841705
6, 21, 0.8823210000991821, 1.7891552448272705, -1.3556931018829346, 0.03978267312049866
6, 22, 0.28576919436454773, 1.8339123725891113, -1.2965131998062134, 0.13628926873207092
6, 23, 0.7587805390357971, 1.877097725868225, -0.04890870302915573, 0.0006547992816194892
6, 24, 0.4135088324546814, 1.8983800411224365, 0.05586758255958557, 0.0006482981843873858
6, 25, 0.7840617299079895, 2.612959861755371, -0.25231894850730896, 0.0017469165613874793
6, 26, 0.4537152647972107, 2.605876922607422, -0.36874374747276306, 0.0007270942442119122
6, 27, 0.8147372007369995, 3.2765955924987793, 0.3286130428314209, 5.998961205477826e-05
6, 28, 0.4883161187171936, 3.298342227935791, -0.01328771747648716, 3.252560782129876e-05
6, 29, 0.8271769285202026, 3.383687734603882, 0.33736661076545715, 4.209395410725847e-05
6, 30, 0.49281150102615356, 3.416879177093506, -0.010134389623999596, 4.0464787161909044e-05
6, 31, 0.7612659931182861, 3.4950528144836426, -0.47889310121536255, 0.00011672173422994092
6, 32, 0.5477620363235474, 3.4945626258850098, -0.8855627775192261, 0.00017810650751926005
7, 0, 0.553693950176239, 0.662537157535553, -1.6137994527816772, 0.9996076226234436
7, 1, 0.5881519317626953, 0.5923194885253906, -1.5315748453140259, 0.9992526173591614
7, 2, 0.6092356443405151, 0.5922017693519592, -1.5320452451705933, 0.9994557499885559
7, 3, 0.6292803287506104, 0.5935304164886475, -1.532174825668335, 0.9990386962890625
7, 4, 0.5189513564109802, 0.5966005325317383, -1.5345022678375244, 0.9992152452468872
7, 5, 0.49546870589256287, 0.60053551197052, -1.53387451171875, 0.9994279742240906
7, 6, 0.4736401438713074, 0.6068456172943115, -1.5345096588134766, 0.999237060546875
7, 7, 0.671058714389801, 0.6273027658462524, -0.9541534185409546, 0.9994339346885681
7, 8, 0.4507625699043274, 0.6442853212356567, -0.9479677081108093, 0.9995999932289124
7, 9, 0.5993106961250305, 0.74915611743927, -1.3878731727600098, 0.9996300935745239
7, 10, 0.5174655318260193, 0.7525933980941772, -1.3892775774002075, 0.9997518658638
7, 11, 0.839321494102478, 0.9869142174720764, -0.5609082579612732, 0.985095202922821
7, 12, 0.3024941384792328, 0.9961832165718079, -0.5636211633682251, 0.9930583238601685
7, 13, 0.9502454996109009, 1.4043726921081543, -0.8033105731010437, 0.1334601491689682
7, 14, 0.16283956170082092, 1.460404634475708, -0.6686098575592041, 0.6017770171165466
7, 15, 0.9198108911514282, 1.7383722066879272, -1.5912779569625854, 0.03507485240697861
7, 16, 0.22813084721565247, 1.81361722946167, -1.3401257991790771, 0.1067376434803009
7, 17, 0.9535279273986816, 1.8695125579833984, -1.7952377796173096, 0.03921413794159889
7, 18, 0.22799047827720642, 1.9658595323562622, -1.5193291902542114, 0.10728256404399872
7, 19, 0.8855398297309875, 1.8625717163085938, -1.8574144840240479, 0.05889187753200531
7, 20, 0.28249019384384155, 1.9334731101989746, -1.5988144874572754, 0.1640346795320511
7, 21, 0.8600678443908691, 1.8102866411209106, -1.647373914718628, 0.058262377977371216
7, 22, 0.29230308532714844, 1.8787579536437988, -1.393830418586731, 0.14213885366916656
7, 23, 0.7469310164451599, 1.8421255350112915, -0.06508813798427582, 0.0033944936003535986
7, 24, 0.3917452394962311, 1.8430266380310059, 0.07210947573184967, 0.002126591745764017
7, 25, 0.7570096254348755, 2.5098042488098145, -0.6597322821617126, 0.00239486969076097
7, 26, 0.4338987469673157, 2.4925949573516846, -0.3542341887950897, 0.0008314457954838872
7, 27, 0.7794758677482605, 3.108884334564209, 0.08069123327732086, 5.413375765783712e-05
7, 28, 0.4572640061378479, 3.1134326457977295, 0.10006438195705414, 2.33197115449002e-05
7, 29, 0.7893049120903015, 3.2122344970703125, 0.10781717300415039, 5.045132274972275e-05
7, 30, 0.4550597667694092, 3.2290031909942627, 0.1141507476568222, 3.564921280485578e-05
7, 31, 0.724805474281311, 3.3399975299835205, -0.7239446043968201, 0.00017574388766661286
7, 32, 0.5254765152931213, 3.3210248947143555, -0.74554044008255, 0.00022558640921488404
8, 0, 0.5605844259262085, 0.6543275117874146, -1.5947405099868774, 0.9982720613479614
8, 1, 0.5931170582771301, 0.5830080509185791, -1.5074230432510376, 0.9965763688087463
8, 2, 0.6154279112815857, 0.5829524993896484, -1.5079107284545898, 0.9975124597549438
8, 3, 0.6356779336929321, 0.5843225717544556, -1.5081382989883423, 0.9952943921089172
8, 4, 0.5216878056526184, 0.5861896276473999, -1.5192995071411133, 0.9970620274543762
8, 5, 0.4968620240688324, 0.5900744199752808, -1.5189273357391357, 0.998052716255188
8, 6, 0.47468504309654236, 0.5962307453155518, -1.519680142402649, 0.9974271655082703
8, 7, 0.6781948208808899, 0.6187989711761475, -0.9150859117507935, 0.9973873496055603
8, 8, 0.44822970032691956, 0.6367994546890259, -0.9567290544509888, 0.9988182187080383
8, 9, 0.6047056913375854, 0.7437678575515747, -1.3625744581222534, 0.9982529282569885
8, 10, 0.5220119953155518, 0.7508621215820312, -1.3775676488876343, 0.9991936087608337
8, 11, 0.8422031402587891, 0.9861623048782349, -0.522524893283844, 0.9431012272834778
8, 12, 0.2888706624507904, 1.0013306140899658, -0.581041157245636, 0.9829419851303101
8, 13, 0.9444558024406433, 1.404416561126709, -0.7069058418273926, 0.0960223451256752
8, 14, 0.17659977078437805, 1.4581420421600342, -0.7558886408805847, 0.3704206645488739
8, 15, 0.917183518409729, 1.7137068510055542, -1.398629903793335, 0.02169303223490715
8, 16, 0.266780287027359, 1.7298157215118408, -1.5297582149505615, 0.0759667381644249
8, 17, 0.9462548494338989, 1.8322169780731201, -1.579085350036621, 0.030105752870440483
8, 18, 0.2781789004802704, 1.859035849571228, -1.7336986064910889, 0.09506404399871826
8, 19, 0.8905069231987, 1.81877601146698, -1.6413633823394775, 0.04409017786383629
8, 20, 0.3231925964355469, 1.8116198778152466, -1.7860889434814453, 0.1433582305908203
8, 21, 0.8650768399238586, 1.7697663307189941, -1.4519598484039307, 0.04156556352972984
8, 22, 0.32884788513183594, 1.7651963233947754, -1.5764186382293701, 0.11664599925279617
8, 23, 0.7450109720230103, 1.8627861738204956, -0.04544344171881676, 0.002045438624918461
8, 24, 0.3882867991924286, 1.8707687854766846, 0.051787130534648895, 0.0017921652179211378
8, 25, 0.7616668939590454, 2.5400161743164062, -0.4828060269355774, 0.004092945251613855
8, 26, 0.4394804835319519, 2.5185368061065674, -0.5301791429519653, 0.001372044556774199
8, 27, 0.7902713418006897, 3.1437840461730957, 0.2504456341266632, 8.502474520355463e-05
8, 28, 0.46564826369285583, 3.1580395698547363, -0.049882397055625916, 5.765478636021726e-05
8, 29, 0.798958957195282, 3.244540214538574, 0.27708864212036133, 7.038147305138409e-05
8, 30, 0.4665585458278656, 3.2780489921569824, -0.03440835326910019, 6.094825948821381e-05
8, 31, 0.7368224859237671, 3.3869662284851074, -0.5265123248100281, 0.00025328094488941133
8, 32, 0.528866708278656, 3.3606443405151367, -0.8989454507827759, 0.0003728711453732103
9, 0, 0.5509257316589355, 0.6677712202072144, -1.5381547212600708, 0.9984329342842102
9, 1, 0.5843048691749573, 0.5938230156898499, -1.4597280025482178, 0.9974338412284851
9, 2, 0.6059812307357788, 0.5925346612930298, -1.4602679014205933, 0.9979453682899475
9, 3, 0.6268205046653748, 0.5925058126449585, -1.4607120752334595, 0.9971151351928711
9, 4, 0.5124048590660095, 0.6020272970199585, -1.4700109958648682, 0.9972102046012878
9, 5, 0.48760098218917847, 0.6073626279830933, -1.469338059425354, 0.9977191090583801
9, 6, 0.46509891748428345, 0.6144493818283081, -1.4700813293457031, 0.9972906708717346
9, 7, 0.6655324101448059, 0.6239540576934814, -0.8750640153884888, 0.9981677532196045
9, 8, 0.4425641894340515, 0.6541801691055298, -0.9030956029891968, 0.9984197616577148
9, 9, 0.5995204448699951, 0.7523648738861084, -1.3070343732833862, 0.9985572695732117
9, 10, 0.5170668363571167, 0.7616510391235352, -1.317173719406128, 0.9989228844642639
9, 11, 0.842195987701416, 0.9809310436248779, -0.47887831926345825, 0.9771931171417236
9, 12, 0.28687313199043274, 1.0263198614120483, -0.5389764904975891, 0.9807493090629578
9, 13, 0.9585641622543335, 1.4053775072097778, -0.6285552382469177, 0.08100086450576782
9, 14, 0.1919480264186859, 1.4931918382644653, -0.6819775700569153, 0.27463966608047485
9, 15, 0.9502453804016113, 1.7320271730422974, -1.330604076385498, 0.01792776957154274
9, 16, 0.24445991218090057, 1.8070881366729736, -1.4650496244430542, 0.044800836592912674
9, 17, 0.9879640340805054, 1.8579331636428833, -1.5173742771148682, 0.025730598717927933
9, 18, 0.24018308520317078, 1.9462131261825562, -1.6731685400009155, 0.06079213321208954
9, 19, 0.9315935373306274, 1.8483282327651978, -1.6047132015228271, 0.04060711711645126
9, 20, 0.28838515281677246, 1.91033136844635, -1.7603927850723267, 0.09613645821809769
9, 21, 0.9042798280715942, 1.800565481185913, -1.3969250917434692, 0.0397254154086113
9, 22, 0.2992318868637085, 1.8598049879074097, -1.5288046598434448, 0.08564594388008118
9, 23, 0.7768043279647827, 1.9039576053619385, -0.06036285683512688, 0.001127977971918881
9, 24, 0.41868382692337036, 1.9244701862335205, 0.06755434721708298, 0.0007883530925028026
9, 25, 0.8060941696166992, 2.6227502822875977, -0.3396300673484802, 0.0017427571583539248
9, 26, 0.4648858904838562, 2.6281259059906006, -0.22476151585578918, 0.0005685845972038805
9, 27, 0.8407949209213257, 3.2603704929351807, 0.33039024472236633, 5.5273925681831315e-05
9, 28, 0.5053136348724365, 3.2853569984436035, 0.18173359334468842, 2.391265115875285e-05
9, 29, 0.8547888994216919, 3.367056369781494, 0.35050761699676514, 3.994607686763629e-05
9, 30, 0.507101833820343, 3.4027605056762695, 0.19134055078029633, 2.999766729772091e-05
9, 31, 0.7852076292037964, 3.4927682876586914, -0.47097963094711304, 0.00012194552982691675
9, 32, 0.5736616253852844, 3.4935569763183594, -0.6675897836685181, 0.00013254392251837999
10, 0, 0.5430731773376465, 0.6774240136146545, -1.2702096700668335, 0.9954132437705994
10, 1, 0.5796047449111938, 0.6050523519515991, -1.186665654182434, 0.9944528937339783
10, 2, 0.6031429171562195, 0.6048399209976196, -1.1872553825378418, 0.9944058656692505
10, 3, 0.6224933862686157, 0.6065826416015625, -1.187865138053894, 0.9947870969772339
10, 4, 0.5059446096420288, 0.6127585172653198, -1.1834276914596558, 0.9931700229644775
10, 5, 0.48291128873825073, 0.6169891357421875, -1.1828263998031616, 0.9930970072746277
10, 6, 0.46131378412246704, 0.6223008632659912, -1.183486819267273, 0.9940468072891235
10, 7, 0.6643970608711243, 0.640137255191803, -0.6157336831092834, 0.9948758482933044
10, 8, 0.4480709433555603, 0.660248339176178, -0.5862613320350647, 0.9940898418426514
10, 9, 0.5974351763725281, 0.7647413611412048, -1.0532307624816895, 0.9955299496650696
10, 10, 0.5113809704780579, 0.7753497362136841, -1.0454182624816895, 0.9951674938201904
10, 11, 0.8296621441841125, 0.9760764837265015, -0.30442380905151367, 0.9626047015190125
10, 12, 0.34962180256843567, 1.0082552433013916, -0.27581992745399475, 0.9656017422676086
10, 13, 0.9552556872367859, 1.3533587455749512, -0.5324609279632568, 0.0683940127491951
10, 14, 0.2674148976802826, 1.4400490522384644, -0.49415701627731323, 0.13464663922786713
10, 15, 0.9135090112686157, 1.6349945068359375, -1.1966190338134766, 0.02349811978638172
10, 16, 0.34348785877227783, 1.6142768859863281, -1.3927712440490723, 0.06495662033557892
10, 17, 0.9392196536064148, 1.738903522491455, -1.3931934833526611, 0.03962591663002968
10, 18, 0.34297752380371094, 1.701770305633545, -1.63503098487854, 0.09881039708852768
10, 19, 0.8926018476486206, 1.721579670906067, -1.4888484477996826, 0.06403166055679321
10, 20, 0.3760206997394562, 1.6611045598983765, -1.7196519374847412, 0.15822359919548035
10, 21, 0.8746617436408997, 1.6878184080123901, -1.2691367864608765, 0.06260993331670761
10, 22, 0.38279417157173157, 1.6346136331558228, -1.4637302160263062, 0.14084437489509583
10, 23, 0.7991921305656433, 1.9097232818603516, -0.08859416842460632, 0.0007031215936876833
10, 24, 0.46557560563087463, 1.9252960681915283, 0.09539961814880371, 0.0005810423754155636
10, 25, 0.8449196815490723, 2.7085015773773193, -0.3494674563407898, 0.0014779753983020782
10, 26, 0.5106080770492554, 2.7074012756347656, -0.1735355406999588, 0.0008161153527908027
10, 27, 0.8817159533500671, 3.432588815689087, 0.17389428615570068, 9.054887050297111e-05
10, 28, 0.5560839772224426, 3.444967031478882, 0.053234558552503586, 2.6882869860855862e-05
10, 29, 0.9000786542892456, 3.543105125427246, 0.1772780865430832, 7.613790512550622e-05
10, 30, 0.561402440071106, 3.5557000637054443, 0.04311707615852356, 6.109606329118833e-05
10, 31, 0.8190603256225586, 3.635225534439087, -0.6568049788475037, 8.741026249481365e-05
10, 32, 0.5981234908103943, 3.6564993858337402, -0.8201655149459839, 0.00012403160508256406
11, 0, 0.5508798360824585, 0.6672507524490356, -1.4934457540512085, 0.9988226294517517
11, 1, 0.5850774049758911, 0.5979814529418945, -1.4139198064804077, 0.998040497303009
11, 2, 0.6069226264953613, 0.5971350073814392, -1.4145901203155518, 0.9984087347984314
11, 3, 0.6271242499351501, 0.5966459512710571, -1.415068507194519, 0.9979594945907593
11, 4, 0.5117892026901245, 0.6047054529190063, -1.418504238128662, 0.9975583553314209
11, 5, 0.48717498779296875, 0.6090900897979736, -1.4176455736160278, 0.9978867173194885
11, 6, 0.4672788977622986, 0.6143854856491089, -1.4183261394500732, 0.9976713061332703
11, 7, 0.6664537787437439, 0.6262408494949341, -0.840618908405304, 0.9986072182655334
11, 8, 0.4491463601589203, 0.6515016555786133, -0.8370975255966187, 0.9984713196754456
11, 9, 0.6037123203277588, 0.7512708902359009, -1.2688509225845337, 0.9990378618240356
11, 10, 0.5169823169708252, 0.760511040687561, -1.2701776027679443, 0.9991490840911865
11, 11, 0.8462306261062622, 0.9839762449264526, -0.4830877184867859, 0.9815797209739685
11, 12, 0.31475621461868286, 1.0108611583709717, -0.4711924195289612, 0.9827787280082703
11, 13, 0.9570292234420776, 1.4137816429138184, -0.6292446255683899, 0.061598196625709534
11, 14, 0.21168451011180878, 1.4887893199920654, -0.5447298884391785, 0.23724466562271118
11, 15, 0.9366263151168823, 1.758945345878601, -1.2692320346832275, 0.01860588788986206
11, 16, 0.27496224641799927, 1.81842839717865, -1.278948187828064, 0.03627759590744972
11, 17, 0.9762744903564453, 1.8879603147506714, -1.4599742889404297, 0.024432966485619545
11, 18, 0.27196529507637024, 1.9629817008972168, -1.4814828634262085, 0.04569602385163307
11, 19, 0.9144315719604492, 1.8834997415542603, -1.5421233177185059, 0.03872628137469292
11, 20, 0.3216288685798645, 1.9276639223098755, -1.5810999870300293, 0.07402943819761276
11, 21, 0.8876234292984009, 1.834301471710205, -1.3338035345077515, 0.04115983471274376
11, 22, 0.33088886737823486, 1.8752321004867554, -1.347838044166565, 0.06887079775333405
11, 23, 0.7843895554542542, 1.8694889545440674, -0.08060339838266373, 0.0009832362411543727
11, 24, 0.4265032708644867, 1.8910328149795532, 0.08790723979473114, 0.000659387675113976
11, 25, 0.808014988899231, 2.5793638229370117, -0.3101806342601776, 0.0006836004322394729
11, 26, 0.47275838255882263, 2.5780107975006104, -0.1562769114971161, 0.00028242936241440475
11, 27, 0.8286560773849487, 3.1971821784973145, 0.44115668535232544, 3.566583836800419e-05
11, 28, 0.4954751431941986, 3.2245917320251465, 0.33260810375213623, 1.2879717360192444e-05
11, 29, 0.8422077298164368, 3.2979090213775635, 0.469498872756958, 3.080034730373882e-05
11, 30, 0.4954339861869812, 3.3421244621276855, 0.35310661792755127, 2.1220675989752635e-05
11, 31, 0.7669102549552917, 3.432713508605957, -0.3515758514404297, 7.274007657542825e-05
11, 32, 0.5610044002532959, 3.4281415939331055, -0.5143337845802307, 0.00012789374159183353
12, 0, 0.5531498193740845, 0.6554079055786133, -1.5123683214187622, 0.9996466636657715
12, 1, 0.586911141872406, 0.5856207609176636, -1.4258569478988647, 0.9991999268531799
12, 2, 0.6083053350448608, 0.5858495235443115, -1.4261809587478638, 0.9994484782218933
12, 3, 0.6297409534454346, 0.5862560272216797, -1.4262803792953491, 0.9989803433418274
12, 4, 0.5133377313613892, 0.5882459282875061, -1.4318962097167969, 0.9991710186004639
12, 5, 0.4888150095939636, 0.5916624069213867, -1.4310370683670044, 0.9994250535964966
12, 6, 0.46728095412254333, 0.5966017246246338, -1.431654453277588, 0.9991942048072815
12, 7, 0.6715075969696045, 0.6204845905303955, -0.839455783367157, 0.9993957281112671
12, 8, 0.4496944546699524, 0.635765790939331, -0.8492816090583801, 0.9996713399887085
12, 9, 0.6034364104270935, 0.7428087592124939, -1.2841755151748657, 0.9996440410614014
12, 10, 0.5160082578659058, 0.7513935565948486, -1.2895996570587158, 0.9997840523719788
12, 11, 0.8413532972335815, 0.9940621256828308, -0.4539881646633148, 0.9866071939468384
12, 12, 0.29275602102279663, 1.001499056816101, -0.5127207636833191, 0.9946784973144531
12, 13, 0.9443885087966919, 1.4334940910339355, -0.6678738594055176, 0.09222158044576645
12, 14, 0.16164594888687134, 1.4684994220733643, -0.6931476593017578, 0.41830524802207947
12, 15, 0.9201666712760925, 1.7291338443756104, -1.4082272052764893, 0.05176561698317528
12, 16, 0.24121475219726562, 1.77259361743927, -1.4835987091064453, 0.14795586466789246
12, 17, 0.9584866762161255, 1.8463642597198486, -1.6044228076934814, 0.07051169127225876
12, 18, 0.24219152331352234, 1.9156649112701416, -1.6931259632110596, 0.17481710016727448
12, 19, 0.8950096368789673, 1.8330199718475342, -1.6648534536361694, 0.10540419816970825
12, 20, 0.2984575033187866, 1.869386911392212, -1.755117654800415, 0.25640368461608887
12, 21, 0.8675218820571899, 1.787376880645752, -1.465123176574707, 0.1050678938627243
12, 22, 0.30759483575820923, 1.820892572402954, -1.536307692527771, 0.22751924395561218
12, 23, 0.7603585720062256, 1.8777869939804077, -0.03292502835392952, 0.0018085264600813389
12, 24, 0.3825521469116211, 1.8802294731140137, 0.040469419211149216, 0.001305410172790289
12, 25, 0.7675065994262695, 2.584768056869507, -0.3781718909740448, 0.0005598963471129537
12, 26, 0.4322170317173004, 2.557856798171997, -0.40978318452835083, 0.0001711679360596463
12, 27, 0.7819190621376038, 3.1876332759857178, 0.4900040030479431, 1.9319048078614287e-05
12, 28, 0.4460064768791199, 3.1981003284454346, 0.19021278619766235, 5.00354690302629e-06
12, 29, 0.7924302816390991, 3.288999080657959, 0.5286737084388733, 2.045912879111711e-05
12, 30, 0.44337862730026245, 3.317403554916382, 0.2194068729877472, 7.662311872991268e-06
12, 31, 0.7169995903968811, 3.432680368423462, -0.299473375082016, 5.010902168578468e-05
12, 32, 0.5143095254898071, 3.4081873893737793, -0.6859464645385742, 7.16185022611171e-05
13, 0, 0.5510913729667664, 0.6496458053588867, -1.666637659072876, 0.9994786381721497
13, 1, 0.58396977186203, 0.5753037929534912, -1.5835562944412231, 0.9990769624710083
13, 2, 0.6047629714012146, 0.574957013130188, -1.584047555923462, 0.9993385672569275
13, 3, 0.6253047585487366, 0.5757656097412109, -1.5842267274856567, 0.9988203644752502
13, 4, 0.5120487809181213, 0.5811037421226501, -1.5886539220809937, 0.9990214109420776
13, 5, 0.48796042799949646, 0.5863093137741089, -1.5880135297775269, 0.9992710947990417
13, 6, 0.4670174717903137, 0.5934648513793945, -1.5886287689208984, 0.998957633972168
13, 7, 0.6670328974723816, 0.6114975214004517, -0.9917889833450317, 0.9994044303894043
13, 8, 0.4482685625553131, 0.635848879814148, -0.9983194470405579, 0.9995019435882568
13, 9, 0.6005628108978271, 0.734718918800354, -1.4345462322235107, 0.999492883682251
13, 10, 0.5171237587928772, 0.7443149089813232, -1.439611554145813, 0.9996727705001831
13, 11, 0.8448322415351868, 0.9872503876686096, -0.5944936871528625, 0.9831521511077881
13, 12, 0.30321362614631653, 0.9998884201049805, -0.5931762456893921, 0.9870737791061401
13, 13, 0.9544271230697632, 1.4079283475875854, -0.7609441876411438, 0.12032623589038849
13, 14, 0.1879972219467163, 1.4701664447784424, -0.737472653388977, 0.36466556787490845
13, 15, 0.9362387657165527, 1.7194377183914185, -1.4422907829284668, 0.033724308013916016
13, 16, 0.26660415530204773, 1.7879812717437744, -1.5257724523544312, 0.05546369403600693
13, 17, 0.9706059694290161, 1.842363715171814, -1.6258560419082642, 0.04188239946961403
13, 18, 0.27365928888320923, 1.9318865537643433, -1.7221109867095947, 0.07071838527917862
13, 19, 0.911724865436554, 1.8285993337631226, -1.6897087097167969, 0.06325605511665344
13, 20, 0.3224733769893646, 1.8912994861602783, -1.79034423828125, 0.1103866919875145
13, 21, 0.8855366706848145, 1.7792762517929077, -1.4954001903533936, 0.0597224235534668
13, 22, 0.32983896136283875, 1.838995099067688, -1.5792933702468872, 0.094901442527771
13, 23, 0.7645752429962158, 1.8679059743881226, -0.06704963743686676, 0.0019686438608914614
13, 24, 0.4081042408943176, 1.8792563676834106, 0.0741039365530014, 0.0013174170162528753
13, 25, 0.7919955253601074, 2.550027370452881, -0.4631587862968445, 0.0017445175908505917
13, 26, 0.4693426191806793, 2.535456418991089, -0.3738288879394531, 0.0005908833118155599
13, 27, 0.8218828439712524, 3.146658420562744, 0.3126268982887268, 3.6478326364886016e-05
13, 28, 0.5027891397476196, 3.1628901958465576, 0.13476325571537018, 2.2122758309706114e-05
13, 29, 0.8332921862602234, 3.2475783824920654, 0.3415752649307251, 3.0166089345584624e-05
13, 30, 0.5037727355957031, 3.2818784713745117, 0.15437516570091248, 2.9887331038480625e-05
13, 31, 0.7669773697853088, 3.3874826431274414, -0.4868050515651703, 0.00012411085481289774
13, 32, 0.5689230561256409, 3.3651251792907715, -0.7173764109611511, 0.00018748914590105414
14, 0, 0.5600183010101318, 0.651745080947876, -1.7309763431549072, 0.9997091889381409
14, 1, 0.5904299020767212, 0.5750161409378052, -1.632287621498108, 0.99941086769104
14, 2, 0.6112779974937439, 0.5744127035140991, -1.632716417312622, 0.9996390342712402
14, 3, 0.6309230327606201, 0.575232744216919, -1.6327813863754272, 0.9992471933364868
14, 4, 0.5190712213516235, 0.5813888311386108, -1.6434376239776611, 0.9993851184844971
14, 5, 0.49402087926864624, 0.5863755941390991, -1.6426891088485718, 0.999599039554596
14, 6, 0.4714626371860504, 0.5938271284103394, -1.6433489322662354, 0.9993466734886169
14, 7, 0.6682332158088684, 0.6098653078079224, -0.979595959186554, 0.9996094107627869
14, 8, 0.4456588625907898, 0.6371641159057617, -1.004141092300415, 0.9997462630271912
14, 9, 0.6051531434059143, 0.7341344356536865, -1.4774396419525146, 0.9997066855430603
14, 10, 0.5230269432067871, 0.7466698884963989, -1.4882800579071045, 0.9997908473014832
14, 11, 0.8507919311523438, 0.9965388774871826, -0.5553418397903442, 0.9883646965026855
14, 12, 0.2831714153289795, 1.0127476453781128, -0.6381748914718628, 0.9948849081993103
14, 13, 0.9468027353286743, 1.4538826942443848, -0.8558198809623718, 0.10063335299491882
14, 14, 0.15231329202651978, 1.5098170042037964, -0.8421691060066223, 0.6641848683357239
14, 15, 0.9223138093948364, 1.7776570320129395, -1.7022459506988525, 0.03312666341662407
14, 16, 0.2507808208465576, 1.8777750730514526, -1.5732481479644775, 0.14489971101284027
14, 17, 0.9608964920043945, 1.908036470413208, -1.9184694290161133, 0.037885893136262894
14, 18, 0.2564949691295624, 2.0399036407470703, -1.759746789932251, 0.13600707054138184
14, 19, 0.8934849500656128, 1.900645136833191, -1.9661061763763428, 0.05717482045292854
14, 20, 0.3149750530719757, 2.0061028003692627, -1.8304216861724854, 0.20060335099697113
14, 21, 0.8668087720870972, 1.8475488424301147, -1.7559963464736938, 0.061135027557611465
14, 22, 0.3215785324573517, 1.9472393989562988, -1.6234791278839111, 0.18732459843158722
14, 23, 0.7596679925918579, 1.8945809602737427, -0.04371564835309982, 0.003986754920333624
14, 24, 0.3782784640789032, 1.9066500663757324, 0.051093436777591705, 0.002758287126198411
14, 25, 0.7751519680023193, 2.587395668029785, -0.5951502919197083, 0.0012196655152365565
14, 26, 0.43889904022216797, 2.5779638290405273, -0.34920477867126465, 0.00045048343599773943
14, 27, 0.8072578310966492, 3.204049587249756, 0.27324920892715454, 3.714361082529649e-05
14, 28, 0.47447437047958374, 3.216355323791504, 0.22721102833747864, 1.2831169442506507e-05
14, 29, 0.8204010725021362, 3.3129210472106934, 0.30849674344062805, 4.479955532588065e-05
14, 30, 0.4728465676307678, 3.3389902114868164, 0.2514515817165375, 2.3946930014062673e-05
14, 31, 0.7501891255378723, 3.447582721710205, -0.582734227180481, 0.00010669031325960532
14, 32, 0.5465085506439209, 3.4261772632598877, -0.6749186515808105, 0.00014411633310373873
15, 0, 0.548206090927124, 0.6472111940383911, -1.439939022064209, 0.9988031387329102
15, 1, 0.5827585458755493, 0.5766055583953857, -1.3570634126663208, 0.9978760480880737
15, 2, 0.6061649918556213, 0.5768895745277405, -1.3576842546463013, 0.9983348250389099
15, 3, 0.6250474452972412, 0.5777839422225952, -1.3581373691558838, 0.9978123903274536
15, 4, 0.5085803866386414, 0.5824698209762573, -1.3583992719650269, 0.9976008534431458
15, 5, 0.4845394492149353, 0.5860840082168579, -1.3575294017791748, 0.9980442523956299
15, 6, 0.4659590721130371, 0.5913404822349548, -1.3582886457443237, 0.9979208111763
15, 7, 0.6652421355247498, 0.6117957830429077, -0.7792341709136963, 0.998257577419281
15, 8, 0.451579749584198, 0.631421685218811, -0.7637699842453003, 0.9987120628356934
15, 9, 0.6035491824150085, 0.7292442321777344, -1.2162636518478394, 0.9989519119262695
15, 10, 0.5153668522834778, 0.7395654916763306, -1.2135981321334839, 0.9991961121559143
15, 11, 0.8443516492843628, 0.9816042184829712, -0.40881386399269104, 0.984241783618927
15, 12, 0.31241899728775024, 0.9934530258178711, -0.4261475205421448, 0.9927307963371277
15, 13, 0.9560412168502808, 1.411924123764038, -0.603733479976654, 0.059738557785749435
15, 14, 0.18429440259933472, 1.446272611618042, -0.4880391061306, 0.3108920753002167
15, 15, 0.9462223052978516, 1.766656517982483, -1.3407137393951416, 0.01749412529170513
15, 16, 0.22921963036060333, 1.7966516017913818, -1.2194534540176392, 0.058523207902908325
15, 17, 0.9865585565567017, 1.8960121870040894, -1.543227195739746, 0.02426077425479889
15, 18, 0.21637627482414246, 1.9410535097122192, -1.438140630722046, 0.06775657832622528
15, 19, 0.9280366897583008, 1.8956849575042725, -1.643218755722046, 0.03860367462038994
15, 20, 0.27334076166152954, 1.9174840450286865, -1.5457521677017212, 0.10992875695228577
15, 21, 0.900401771068573, 1.8454219102859497, -1.4172700643539429, 0.03904780000448227
15, 22, 0.2850862741470337, 1.866279125213623, -1.2935272455215454, 0.1020720824599266
15, 23, 0.7699533700942993, 1.8799806833267212, -0.060405433177948, 0.001071800710633397
15, 24, 0.41380491852760315, 1.8925164937973022, 0.06793702393770218, 0.0009421307477168739
15, 25, 0.7917806506156921, 2.6199443340301514, -0.28452932834625244, 0.0010578345973044634
15, 26, 0.45795655250549316, 2.603935718536377, -0.28346017003059387, 0.00047060364158824086
15, 27, 0.8229676485061646, 3.273325204849243, 0.3290161192417145, 6.851297075627372e-05
15, 28, 0.4913864731788635, 3.289971113204956, 0.09684249013662338, 1.896366484288592e-05
15, 29, 0.8385487794876099, 3.382840156555176, 0.34050557017326355, 6.186149403220043e-05
15, 30, 0.4926929473876953, 3.4124841690063477, 0.10182748734951019, 3.564689905033447e-05
15, 31, 0.7586202621459961, 3.4951372146606445, -0.5109009146690369, 0.00010236552043352276
15, 32, 0.5548916459083557, 3.4908108711242676, -0.7965254187583923, 0.00014970173651818186
16, 0, 0.548966646194458, 0.6431707143783569, -1.563913345336914, 0.999458372592926
16, 1, 0.5831395983695984, 0.5701390504837036, -1.4743759632110596, 0.9990230798721313
16, 2, 0.6052342653274536, 0.5690616369247437, -1.4747949838638306, 0.9993239641189575
16, 3, 0.6257584095001221, 0.5682560205459595, -1.4748952388763428, 0.9987592697143555
16, 4, 0.5074186325073242, 0.5792245864868164, -1.4817761182785034, 0.9990384578704834
16, 5, 0.4838072657585144, 0.5844873785972595, -1.481143593788147, 0.9993405938148499
16, 6, 0.46571722626686096, 0.5908544063568115, -1.4818347692489624, 0.9990803003311157
16, 7, 0.6651899814605713, 0.6017721891403198, -0.878928005695343, 0.9992121458053589
16, 8, 0.4509647488594055, 0.6322371959686279, -0.8956206440925598, 0.9995538592338562
16, 9, 0.6018045544624329, 0.7218986749649048, -1.3336118459701538, 0.9993846416473389
16, 10, 0.5139238834381104, 0.7380999326705933, -1.3408589363098145, 0.9996192455291748
16, 11, 0.8411716222763062, 0.9831703901290894, -0.484199583530426, 0.9742334485054016
16, 12, 0.3039247989654541, 0.9868292212486267, -0.5415807962417603, 0.9898614883422852
16, 13, 0.9448749423027039, 1.4032232761383057, -0.7228744029998779, 0.08226541429758072
16, 14, 0.168199360370636, 1.436600923538208, -0.6937693953514099, 0.3847874701023102
16, 15, 0.915450930595398, 1.6973507404327393, -1.4803237915039062, 0.028006169945001602
16, 16, 0.22603297233581543, 1.758675456047058, -1.4070757627487183, 0.06645768880844116
16, 17, 0.9477144479751587, 1.8171851634979248, -1.665875792503357, 0.03705887496471405
16, 18, 0.22325441241264343, 1.9023551940917969, -1.5946139097213745, 0.07701168209314346
16, 19, 0.8876402974128723, 1.8049662113189697, -1.7264010906219482, 0.0556933730840683
16, 20, 0.2763962745666504, 1.8702332973480225, -1.6639503240585327, 0.11811839789152145
16, 21, 0.8631227612495422, 1.756908655166626, -1.5366666316986084, 0.05328274145722389
16, 22, 0.28522032499313354, 1.8189380168914795, -1.4601815938949585, 0.1053604930639267
16, 23, 0.7654719948768616, 1.8750669956207275, -0.04487384110689163, 0.0021544296760112047
16, 24, 0.4027971625328064, 1.8721057176589966, 0.051972609013319016, 0.0016411617398262024
16, 25, 0.7575575113296509, 2.563826084136963, -0.41428646445274353, 0.002279126551002264
16, 26, 0.4319544732570648, 2.5331223011016846, -0.4061816334724426, 0.0006955101271159947
16, 27, 0.7720589637756348, 3.1815872192382812, 0.26387345790863037, 8.969413465820253e-05
16, 28, 0.44419971108436584, 3.186511516571045, 0.025913655757904053, 3.0228753530536778e-05
16, 29, 0.7833682298660278, 3.287520408630371, 0.2827610373497009, 7.088841084623709e-05
16, 30, 0.4414944052696228, 3.3091039657592773, 0.036060381680727005, 4.049327617394738e-05
16, 31, 0.705704927444458, 3.4138894081115723, -0.5525301694869995, 0.0002305854286532849
16, 32, 0.5080980658531189, 3.391226291656494, -0.8486418724060059, 0.00026990548940375447
17, 0, 0.5529383420944214, 0.6416205167770386, -1.6430251598358154, 0.999902606010437
17, 1, 0.5857130289077759, 0.5694321393966675, -1.5490388870239258, 0.9998457431793213
17, 2, 0.6069870591163635, 0.5689476728439331, -1.549545168876648, 0.9999006986618042
17, 3, 0.6273365616798401, 0.5682991743087769, -1.5496309995651245, 0.9998162388801575
17, 4, 0.5098437070846558, 0.5766266584396362, -1.5489742755889893, 0.9998202919960022
17, 5, 0.48550844192504883, 0.5809131860733032, -1.5481147766113281, 0.9998708963394165
17, 6, 0.46874433755874634, 0.5861812829971313, -1.5485955476760864, 0.9997907280921936
17, 7, 0.6654669642448425, 0.6000244617462158, -0.9327279925346375, 0.9999098777770996
17, 8, 0.4500961899757385, 0.6259348392486572, -0.9068112373352051, 0.9999045133590698
17, 9, 0.6036889553070068, 0.721878170967102, -1.4060049057006836, 0.9998973608016968
17, 10, 0.5160555243492126, 0.7368247509002686, -1.4024262428283691, 0.9999057054519653
17, 11, 0.8415869474411011, 0.9793398976325989, -0.5498830676078796, 0.9935065507888794
17, 12, 0.3058245778083801, 0.9814320206642151, -0.5073780417442322, 0.9929296374320984
17, 13, 0.965268611907959, 1.3820269107818604, -0.8466469049453735, 0.13588939607143402
17, 14, 0.18809127807617188, 1.4688198566436768, -0.6266663670539856, 0.5153242945671082
17, 15, 0.9274824261665344, 1.6767643690109253, -1.6602970361709595, 0.04792579263448715
17, 16, 0.2508634626865387, 1.8053089380264282, -1.3676668405532837, 0.07630546391010284
17, 17, 0.9544222950935364, 1.8017772436141968, -1.85923171043396, 0.052997421473264694
17, 18, 0.25268933176994324, 1.9545632600784302, -1.5406949520111084, 0.08405093103647232
17, 19, 0.8892027139663696, 1.7858619689941406, -1.905321478843689, 0.08216612040996552
17, 20, 0.3017686605453491, 1.921216607093811, -1.6128158569335938, 0.1357179880142212
17, 21, 0.867916464805603, 1.736405611038208, -1.7091925144195557, 0.07733820378780365
17, 22, 0.3095643222332001, 1.86629319190979, -1.4203211069107056, 0.12147006392478943
17, 23, 0.7656412124633789, 1.8464661836624146, -0.08380856364965439, 0.0019330353243276477
17, 24, 0.4075564444065094, 1.8515973091125488, 0.09133626520633698, 0.001212443457916379
17, 25, 0.7794833183288574, 2.510802745819092, -0.6332098841667175, 0.0010999370133504272
17, 26, 0.46085166931152344, 2.490797281265259, -0.32810458540916443, 0.0003972356498707086
17, 27, 0.8091932535171509, 3.101123809814453, 0.05911701172590256, 2.7798958399216644e-05
17, 28, 0.49343666434288025, 3.1014397144317627, 0.11271854490041733, 8.910908945836127e-06
17, 29, 0.8224729299545288, 3.209097385406494, 0.07687174528837204, 3.119429311482236e-05
17, 30, 0.4914727210998535, 3.224015712738037, 0.12334706634283066, 2.122990736097563e-05
17, 31, 0.7498674392700195, 3.318511962890625, -0.7845274209976196, 0.00010329736687708646
17, 32, 0.5650155544281006, 3.2883501052856445, -0.7503275871276855, 0.00014677726721856743
18, 0, 0.5511873364448547, 0.6330845355987549, -1.4314510822296143, 0.9993715882301331
18, 1, 0.5827375650405884, 0.5634281635284424, -1.3496021032333374, 0.9988848567008972
18, 2, 0.6053216457366943, 0.5631459951400757, -1.3501805067062378, 0.9993265867233276
18, 3, 0.6239736676216125, 0.5636314153671265, -1.3504141569137573, 0.9986432194709778
18, 4, 0.5081784725189209, 0.5692516565322876, -1.3532140254974365, 0.9989328980445862
18, 5, 0.4864250123500824, 0.5726606845855713, -1.3529764413833618, 0.9993577599525452
18, 6, 0.4725983738899231, 0.5764487981796265, -1.3536285161972046, 0.9989911913871765
18, 7, 0.6673300266265869, 0.6015870571136475, -0.8120201826095581, 0.9993686079978943
18, 8, 0.45503324270248413, 0.6200823187828064, -0.8100040555000305, 0.9994480013847351
18, 9, 0.6059752702713013, 0.7134150266647339, -1.2235385179519653, 0.9990803003311157
18, 10, 0.5164990425109863, 0.7263022661209106, -1.2255897521972656, 0.9994487166404724
18, 11, 0.8403720855712891, 0.9695215225219727, -0.49036282300949097, 0.9493528604507446
18, 12, 0.3274698257446289, 0.972156286239624, -0.4398573935031891, 0.9771984815597534
18, 13, 0.9564323425292969, 1.326319932937622, -0.8411324620246887, 0.1341574341058731
18, 14, 0.22732308506965637, 1.4574366807937622, -0.5976465940475464, 0.3387399911880493
18, 15, 0.9056432843208313, 1.5392749309539795, -1.6048192977905273, 0.01273141335695982
18, 16, 0.26543527841567993, 1.772674560546875, -1.286618947982788, 0.026156553998589516
18, 17, 0.9158763885498047, 1.6355652809143066, -1.787559151649475, 0.017281055450439453
18, 18, 0.26078295707702637, 1.9031410217285156, -1.4461357593536377, 0.03523040935397148
18, 19, 0.8704759478569031, 1.6093615293502808, -1.8319915533065796, 0.02700509876012802
18, 20, 0.2999858260154724, 1.8751245737075806, -1.51711905002594, 0.057104382663965225
18, 21, 0.8558198809623718, 1.571052074432373, -1.6505281925201416, 0.02466519922018051
18, 22, 0.31285783648490906, 1.8220646381378174, -1.3373613357543945, 0.05152389034628868
18, 23, 0.7686724066734314, 1.823693871498108, -0.07778976857662201, 0.0070701721124351025
18, 24, 0.44067877531051636, 1.8320715427398682, 0.08407705277204514, 0.006568784359842539
18, 25, 0.7813560962677002, 2.3781943321228027, -0.8767306208610535, 0.04355180263519287
18, 26, 0.4700711667537689, 2.35052227973938, -0.6756646633148193, 0.02258678339421749
18, 27, 0.8265131711959839, 2.975576162338257, -0.36250385642051697, 0.0012116699945181608
18, 28, 0.5250289440155029, 2.9836816787719727, -0.4022428095340729, 0.000721591291949153
18, 29, 0.837506115436554, 3.0810546875, -0.35454487800598145, 0.0014727616216987371
18, 30, 0.5336794257164001, 3.101599931716919, -0.41147953271865845, 0.001017061062157154
18, 31, 0.7735024690628052, 3.196784496307373, -1.1073745489120483, 0.0037624260876327753
18, 32, 0.5664254426956177, 3.183413028717041, -1.1443357467651367, 0.0024545255582779646
19, 0, 0.5596734285354614, 0.6266118288040161, -1.4989402294158936, 0.9998751878738403
19, 1, 0.5919293761253357, 0.5605883002281189, -1.4148681163787842, 0.9997604489326477
19, 2, 0.6133308410644531, 0.5603760480880737, -1.4152604341506958, 0.9998424053192139
19, 3, 0.6319687366485596, 0.561208963394165, -1.415300726890564, 0.999718964099884
19, 4, 0.5208753347396851, 0.5660040378570557, -1.4086694717407227, 0.9997076392173767
19, 5, 0.4975220561027527, 0.5698879957199097, -1.4077727794647217, 0.999775230884552
19, 6, 0.48178261518478394, 0.5742785930633545, -1.4083282947540283, 0.9996722936630249
19, 7, 0.6707767844200134, 0.5938470363616943, -0.8590992093086243, 0.999882698059082
19, 8, 0.4620051980018616, 0.6123635768890381, -0.8073090314865112, 0.999872088432312
19, 9, 0.6109433770179749, 0.7082650661468506, -1.2850697040557861, 0.9999065399169922
19, 10, 0.5252811908721924, 0.7163791656494141, -1.2738358974456787, 0.9999227523803711
19, 11, 0.8486241102218628, 0.9775034189224243, -0.5354039072990417, 0.9926028847694397
19, 12, 0.31879642605781555, 0.9808455109596252, -0.47238773107528687, 0.9964722394943237
19, 13, 0.9470860362052917, 1.433777928352356, -0.8995984792709351, 0.10491082072257996
19, 14, 0.189650297164917, 1.4530102014541626, -0.6356362700462341, 0.587419867515564
19, 15, 0.9215501546859741, 1.7483948469161987, -1.7572940587997437, 0.04194503650069237
19, 16, 0.2445055991411209, 1.800290822982788, -1.3775571584701538, 0.15404322743415833
19, 17, 0.9538723230361938, 1.8668650388717651, -1.9708139896392822, 0.05540619418025017
19, 18, 0.23976711928844452, 1.9488123655319214, -1.5584419965744019, 0.17330794036388397
19, 19, 0.8951886892318726, 1.854594111442566, -2.0160887241363525, 0.08656664937734604
19, 20, 0.2890968918800354, 1.9113543033599854, -1.6254832744598389, 0.2629963159561157
19, 21, 0.8684264421463013, 1.8092467784881592, -1.8096059560775757, 0.08848407864570618
19, 22, 0.3035507798194885, 1.8610104322433472, -1.4304066896438599, 0.241702601313591
19, 23, 0.7599618434906006, 1.8210957050323486, -0.061537135392427444, 0.0027222007047384977
19, 24, 0.4005886912345886, 1.8245564699172974, 0.06926319748163223, 0.002195311477407813
19, 25, 0.7739775776863098, 2.4773640632629395, -0.7222996354103088, 0.0005167227354831994
19, 26, 0.4616812765598297, 2.4529495239257812, -0.47967520356178284, 0.0002512770879548043
19, 27, 0.7940106987953186, 3.049506187438965, 0.15309515595436096, 9.262660569220316e-06
19, 28, 0.4773734509944916, 3.0631861686706543, 0.07608948647975922, 4.115436240681447e-06
19, 29, 0.8052231073379517, 3.146395683288574, 0.19095490872859955, 1.5231630641210359e-05
19, 30, 0.4756631851196289, 3.1808252334594727, 0.09858802706003189, 7.027938409009948e-06
19, 31, 0.7325783967971802, 3.2850592136383057, -0.6556301712989807, 3.537311204127036e-05
19, 32, 0.5336520671844482, 3.264854669570923, -0.7914952039718628, 5.54406906303484e-05
20, 0, 0.5274733901023865, 0.6378418207168579, -1.2369697093963623, 0.9964941143989563
20, 1, 0.5723267793655396, 0.5708261132240295, -1.162439227104187, 0.995907187461853
20, 2, 0.5990623235702515, 0.572516679763794, -1.1630351543426514, 0.9967001080513
20, 3, 0.6212579011917114, 0.5766229629516602, -1.1638058423995972, 0.9960827827453613
20, 4, 0.5006824135780334, 0.5725358724594116, -1.1515300273895264, 0.9947327375411987
20, 5, 0.4798503816127777, 0.5754903554916382, -1.1508283615112305, 0.9955360889434814
20, 6, 0.4631170630455017, 0.579660952091217, -1.1515089273452759, 0.9947722554206848
20, 7, 0.6738243699073792, 0.6230953931808472, -0.6354109644889832, 0.9972211122512817
20, 8, 0.45960989594459534, 0.6234567165374756, -0.5761376619338989, 0.9960438013076782
20, 9, 0.5882800817489624, 0.7319909334182739, -1.0353606939315796, 0.9966362714767456
20, 10, 0.49857205152511597, 0.7364480495452881, -1.0198841094970703, 0.9963167905807495
20, 11, 0.8446382284164429, 0.9934272766113281, -0.3936496078968048, 0.9307267665863037
20, 12, 0.3214108645915985, 0.9945021867752075, -0.23773105442523956, 0.9448687434196472
20, 13, 0.9423386454582214, 1.4119794368743896, -0.7003204226493835, 0.04883313179016113
20, 14, 0.20349904894828796, 1.3780672550201416, -0.5673667788505554, 0.07940727472305298
20, 15, 0.883523166179657, 1.6499130725860596, -1.2988452911376953, 0.026594823226332664
20, 16, 0.22760555148124695, 1.5358341932296753, -1.594077467918396, 0.048276595771312714
20, 17, 0.9047880172729492, 1.7528061866760254, -1.4617271423339844, 0.043175019323825836
20, 18, 0.21141938865184784, 1.6253803968429565, -1.8057941198349, 0.07776447385549545
20, 19, 0.8560981750488281, 1.7289987802505493, -1.5199449062347412, 0.06846647709608078
20, 20, 0.2511955797672272, 1.586056113243103, -1.8605926036834717, 0.12599290907382965
20, 21, 0.8391416668891907, 1.69066321849823, -1.3486900329589844, 0.06711879372596741
20, 22, 0.26261210441589355, 1.5590617656707764, -1.6544978618621826, 0.11494438350200653
20, 23, 0.7872845530509949, 1.9191734790802002, -0.11257916688919067, 0.0006852130754850805
20, 24, 0.43927502632141113, 1.9181278944015503, 0.11897681653499603, 0.0005168816423974931
20, 25, 0.8122739791870117, 2.673612117767334, -0.34604671597480774, 0.0015616667224094272
20, 26, 0.47615519165992737, 2.665936231613159, -0.0727466493844986, 0.0006043118191882968
20, 27, 0.8441831469535828, 3.356888771057129, 0.13884012401103973, 0.00014104829460848123
20, 28, 0.5052863955497742, 3.3542869091033936, 0.149305060505867, 2.6656556656234898e-05
20, 29, 0.868743896484375, 3.4715304374694824, 0.14127637445926666, 0.00010292509978171438
20, 30, 0.5061139464378357, 3.466230869293213, 0.14217440783977509, 5.1335726311663166e-05
20, 31, 0.764491617679596, 3.5599560737609863, -0.6361295580863953, 0.00010262071737088263
20, 32, 0.5450075268745422, 3.564603567123413, -0.6459510922431946, 0.00012580701150000095
21, 0, 0.5367332696914673, 0.6435760259628296, -1.2590168714523315, 0.9978219270706177
21, 1, 0.577732503414154, 0.5713319778442383, -1.1809961795806885, 0.9971940517425537
21, 2, 0.6026184558868408, 0.5736871361732483, -1.1815638542175293, 0.997612476348877
21, 3, 0.6237566471099854, 0.5774484872817993, -1.182007074356079, 0.9967730641365051
21, 4, 0.5072886347770691, 0.5742381811141968, -1.172532081604004, 0.9971871972084045
21, 5, 0.486151784658432, 0.5787683725357056, -1.171801209449768, 0.9978867173194885
21, 6, 0.468184232711792, 0.5835369825363159, -1.1725680828094482, 0.9977453351020813
21, 7, 0.6766706705093384, 0.620879054069519, -0.6493018269538879, 0.9974116683006287
21, 8, 0.4639950394630432, 0.6235723495483398, -0.590754508972168, 0.9984299540519714
21, 9, 0.5939090251922607, 0.731855034828186, -1.0552005767822266, 0.9977329969406128
21, 10, 0.5046229362487793, 0.7380324602127075, -1.0405744314193726, 0.9983116388320923
21, 11, 0.8496831655502319, 0.9911797046661377, -0.37214499711990356, 0.9321410059928894
21, 12, 0.32579928636550903, 0.9833290576934814, -0.2639632821083069, 0.9845222234725952
21, 13, 0.9502596855163574, 1.4073660373687744, -0.6163520812988281, 0.06096097081899643
21, 14, 0.19054347276687622, 1.4253538846969604, -0.41053667664527893, 0.31470024585723877
21, 15, 0.8868001699447632, 1.6506859064102173, -1.2170352935791016, 0.02695346064865589
21, 16, 0.23624646663665771, 1.7206894159317017, -1.1699012517929077, 0.0938139334321022
21, 17, 0.9056127667427063, 1.759312391281128, -1.3744205236434937, 0.0355655662715435
21, 18, 0.22683504223823547, 1.854366421699524, -1.3461273908615112, 0.11163994669914246
21, 19, 0.8556569814682007, 1.7377711534500122, -1.4305641651153564, 0.05277124419808388
21, 20, 0.2786315977573395, 1.8210994005203247, -1.4188228845596313, 0.17118573188781738
21, 21, 0.8385729789733887, 1.6966900825500488, -1.266858458518982, 0.05356212705373764
21, 22, 0.28888678550720215, 1.7754530906677246, -1.2262911796569824, 0.15301813185214996
21, 23, 0.778810441493988, 1.9402188062667847, -0.12579068541526794, 0.0014785397797822952
21, 24, 0.42167702317237854, 1.926305890083313, 0.13231196999549866, 0.0013129727449268103
21, 25, 0.7714009284973145, 2.6713500022888184, -0.44308605790138245, 0.00222873967140913
21, 26, 0.44229215383529663, 2.651855945587158, -0.10189580917358398, 0.0009659628849476576
21, 27, 0.7847228050231934, 3.35945200920105, 0.02490849234163761, 0.0002155178808607161
21, 28, 0.45426255464553833, 3.348116636276245, 0.10525808483362198, 4.994857226847671e-05
21, 29, 0.8069416284561157, 3.4787306785583496, 0.024161439388990402, 0.00016657079686410725
21, 30, 0.45330142974853516, 3.467243194580078, 0.09696269780397415, 0.00012034709652652964
21, 31, 0.6972829699516296, 3.568305730819702, -0.7774401307106018, 0.00022805547632742673
21, 32, 0.4944242537021637, 3.565243721008301, -0.7131975889205933, 0.00034038504236377776
22, 0, 0.539925217628479, 0.6493247747421265, -1.2622665166854858, 0.9983136653900146
22, 1, 0.5826485753059387, 0.5783467888832092, -1.1814864873886108, 0.997802197933197
22, 2, 0.6047265529632568, 0.5823091268539429, -1.1821266412734985, 0.9978836178779602
22, 3, 0.6279913783073425, 0.5875293016433716, -1.1824748516082764, 0.9973475933074951
22, 4, 0.5103685259819031, 0.5802675485610962, -1.1729682683944702, 0.9980266690254211
22, 5, 0.48788779973983765, 0.5843788385391235, -1.1722337007522583, 0.9983221888542175
22, 6, 0.4670794606208801, 0.5894626379013062, -1.1729010343551636, 0.9984533786773682
22, 7, 0.6763145923614502, 0.6323989629745483, -0.6476202607154846, 0.997495710849762
22, 8, 0.45606666803359985, 0.625336766242981, -0.5855671763420105, 0.9987910389900208
22, 9, 0.5885279178619385, 0.734404444694519, -1.0589510202407837, 0.997954249382019
22, 10, 0.5011848211288452, 0.7369866967201233, -1.0434776544570923, 0.9986910223960876
22, 11, 0.8298362493515015, 0.9842643737792969, -0.3754584789276123, 0.9205269813537598
22, 12, 0.3303673565387726, 0.9903771281242371, -0.2690317630767822, 0.987743616104126
22, 13, 0.9203798174858093, 1.3468449115753174, -0.6929157972335815, 0.02920742891728878
22, 14, 0.2329581081867218, 1.447611689567566, -0.37285447120666504, 0.22024592757225037
22, 15, 0.8500102758407593, 1.5382717847824097, -1.3560112714767456, 0.017886284738779068
22, 16, 0.2986317574977875, 1.7574855089187622, -1.105408787727356, 0.06886937469244003
22, 17, 0.8643277883529663, 1.6219414472579956, -1.5272616147994995, 0.028719456866383553
22, 18, 0.2937965989112854, 1.8880332708358765, -1.2928251028060913, 0.09234528243541718
22, 19, 0.8263103365898132, 1.5976887941360474, -1.5789759159088135, 0.04293880984187126
22, 20, 0.34305617213249207, 1.8503237962722778, -1.3631160259246826, 0.14587494730949402
22, 21, 0.8116527795791626, 1.5696685314178467, -1.408899188041687, 0.04279504343867302
22, 22, 0.351611465215683, 1.8028870820999146, -1.1618505716323853, 0.12957817316055298
22, 23, 0.770104169845581, 1.890674352645874, -0.11018039286136627, 0.0007355619454756379
22, 24, 0.4254697859287262, 1.8916939496994019, 0.11695899069309235, 0.0008218238363042474
22, 25, 0.7917011976242065, 2.6227304935455322, -0.3283240497112274, 0.0011598400305956602
22, 26, 0.478325754404068, 2.6065194606781006, -0.15225128829479218, 0.0006968735251575708
22, 27, 0.820592999458313, 3.281299114227295, 0.18990713357925415, 9.290633170166984e-05
22, 28, 0.5074617862701416, 3.280580759048462, 0.12887394428253174, 2.9200580684118904e-05
22, 29, 0.837613582611084, 3.3908064365386963, 0.19419202208518982, 7.759846630506217e-05
22, 30, 0.504134476184845, 3.3932008743286133, 0.12848564982414246, 7.46853111195378e-05
22, 31, 0.753097414970398, 3.4855942726135254, -0.6077201962471008, 0.00012509405496530235
22, 32, 0.5626295804977417, 3.482743501663208, -0.6950730085372925, 0.0002709006075747311
23, 0, 0.5422130227088928, 0.6394007205963135, -1.1889491081237793, 0.9996064305305481
23, 1, 0.5834978222846985, 0.5699601769447327, -1.113450527191162, 0.9994029998779297
23, 2, 0.6047948002815247, 0.5735801458358765, -1.1138848066329956, 0.9994791150093079
23, 3, 0.628193199634552, 0.5778223276138306, -1.1141268014907837, 0.9993000030517578
23, 4, 0.5130214691162109, 0.5692266821861267, -1.104904055595398, 0.9994269609451294
23, 5, 0.48983234167099, 0.5720911026000977, -1.1039270162582397, 0.9995484948158264
23, 6, 0.4688205122947693, 0.5756185054779053, -1.1045417785644531, 0.9995526671409607
23, 7, 0.6761512756347656, 0.6226934194564819, -0.6034572720527649, 0.9994093179702759
23, 8, 0.4561197757720947, 0.6138570308685303, -0.5415261387825012, 0.9996902942657471
23, 9, 0.5900750756263733, 0.7243849039077759, -0.9947406649589539, 0.9995612502098083
23, 10, 0.5019447207450867, 0.7280800342559814, -0.9795964956283569, 0.9997171759605408
23, 11, 0.8306023478507996, 0.9854220747947693, -0.3411582410335541, 0.9775570034980774
23, 12, 0.3280375897884369, 0.9802854061126709, -0.2682684063911438, 0.9968777894973755
23, 13, 0.9148887395858765, 1.3856947422027588, -0.6457206606864929, 0.03859226405620575
23, 14, 0.22058618068695068, 1.4440555572509766, -0.4503071904182434, 0.31215375661849976
23, 15, 0.8629962801933289, 1.6101717948913574, -1.3175500631332397, 0.028330354019999504
23, 16, 0.2848551571369171, 1.759116530418396, -1.2610994577407837, 0.1053461879491806
23, 17, 0.8861867189407349, 1.7080914974212646, -1.4863353967666626, 0.04203193634748459
23, 18, 0.27724090218544006, 1.8975619077682495, -1.4568434953689575, 0.1304701715707779
23, 19, 0.8391122817993164, 1.6870734691619873, -1.5382909774780273, 0.0641222670674324
23, 20, 0.3330382704734802, 1.8560515642166138, -1.5216504335403442, 0.20216622948646545
23, 21, 0.8196135759353638, 1.652320384979248, -1.370100498199463, 0.06410018354654312
23, 22, 0.3434378504753113, 1.80710768699646, -1.3165887594223022, 0.18145714700222015
23, 23, 0.7681782245635986, 1.8713433742523193, -0.09009422361850739, 0.0009579891338944435
23, 24, 0.412741482257843, 1.8753883838653564, 0.09737186878919601, 0.0010904781520366669
23, 25, 0.7841339111328125, 2.590871572494507, -0.31433993577957153, 0.0005807148991152644
23, 26, 0.462432861328125, 2.572482109069824, -0.20958921313285828, 0.0003173741279169917
23, 27, 0.813304603099823, 3.2323782444000244, 0.19405855238437653, 4.773528780788183e-05
23, 28, 0.4922686517238617, 3.236760139465332, 0.07959453016519547, 9.998740097216796e-06
23, 29, 0.8287605047225952, 3.339944362640381, 0.1974477469921112, 4.6855813707225025e-05
23, 30, 0.48897606134414673, 3.3532285690307617, 0.07948773354291916, 2.4353623302886263e-05
23, 31, 0.7442136406898499, 3.4470467567443848, -0.6114746928215027, 7.148115400923416e-05
23, 32, 0.5551561117172241, 3.434612989425659, -0.7616031765937805, 0.00012460036668926477
24, 0, 0.5445426106452942, 0.632341742515564, -1.2908267974853516, 0.9995194673538208
24, 1, 0.5840415954589844, 0.5637197494506836, -1.2162011861801147, 0.9993921518325806
24, 2, 0.6062967777252197, 0.5680086612701416, -1.2165851593017578, 0.9994568228721619
24, 3, 0.6286413073539734, 0.5725375413894653, -1.2169857025146484, 0.9993139505386353
24, 4, 0.5123107433319092, 0.5621119737625122, -1.206644058227539, 0.9993201494216919
24, 5, 0.48931169509887695, 0.56574547290802, -1.2056915760040283, 0.999409556388855
24, 6, 0.4692654013633728, 0.5709340572357178, -1.206167459487915, 0.9993602633476257
24, 7, 0.6772872805595398, 0.6186611652374268, -0.6914393901824951, 0.9994899034500122
24, 8, 0.4571318030357361, 0.6163305044174194, -0.6330133676528931, 0.9995449185371399
24, 9, 0.5946117639541626, 0.7183424234390259, -1.0918409824371338, 0.9995980858802795
24, 10, 0.5048947334289551, 0.7251375913619995, -1.0768959522247314, 0.9996510744094849
24, 11, 0.8327367901802063, 0.9812245965003967, -0.4507691264152527, 0.979677140712738
24, 12, 0.3364291489124298, 0.9801967144012451, -0.30302131175994873, 0.9918766021728516
24, 13, 0.9149463772773743, 1.3918075561523438, -0.7276611924171448, 0.0584416463971138
24, 14, 0.2025473564863205, 1.3838589191436768, -0.5610125064849854, 0.20424017310142517
24, 15, 0.8613808751106262, 1.6519122123718262, -1.324169635772705, 0.034056782722473145
24, 16, 0.26047033071517944, 1.5939857959747314, -1.4781403541564941, 0.07686250656843185
24, 17, 0.8845070600509644, 1.7586902379989624, -1.4920039176940918, 0.04880499094724655
24, 18, 0.2556813061237335, 1.7022662162780762, -1.6781963109970093, 0.1039346382021904
24, 19, 0.8334358930587769, 1.7380335330963135, -1.5447081327438354, 0.07444258034229279
24, 20, 0.30056461691856384, 1.652498483657837, -1.726954460144043, 0.161503404378891
24, 21, 0.8158073425292969, 1.6975429058074951, -1.372694730758667, 0.07497475296258926
24, 22, 0.3077620267868042, 1.6176904439926147, -1.529971957206726, 0.14590823650360107
24, 23, 0.764183521270752, 1.8741382360458374, -0.11267943680286407, 0.0011363605735823512
24, 24, 0.4211963713169098, 1.8745595216751099, 0.11910219490528107, 0.0010361656313762069
24, 25, 0.7776898741722107, 2.5848565101623535, -0.1637447327375412, 0.0008866446441970766
24, 26, 0.45878952741622925, 2.5753250122070312, 0.02051680162549019, 0.00037988292751833797
24, 27, 0.8002561330795288, 3.207768678665161, 0.4558287262916565, 0.00013464207586366683
24, 28, 0.4793844223022461, 3.213930368423462, 0.4316841661930084, 2.1119591110618785e-05
24, 29, 0.8186643719673157, 3.3120322227478027, 0.4703303873538971, 9.797862003324553e-05
24, 30, 0.47782760858535767, 3.3215532302856445, 0.4449586272239685, 4.915824320050888e-05
24, 31, 0.7257649898529053, 3.414067268371582, -0.32107993960380554, 0.00012073411198798567
24, 32, 0.5258404016494751, 3.415555477142334, -0.37074029445648193, 0.00020256024436093867
25, 0, 0.5342662930488586, 0.6285336017608643, -1.276515245437622, 0.9988687634468079
25, 1, 0.5741373300552368, 0.5597957372665405, -1.200272560119629, 0.9984968900680542
25, 2, 0.596203088760376, 0.5638366937637329, -1.2007253170013428, 0.998687207698822
25, 3, 0.6187523603439331, 0.5682916641235352, -1.2010865211486816, 0.998324453830719
25, 4, 0.5046853423118591, 0.5613234043121338, -1.1949729919433594, 0.9984146356582642
25, 5, 0.4821365475654602, 0.5656830072402954, -1.1942685842514038, 0.9986957907676697
25, 6, 0.46229416131973267, 0.5710870027542114, -1.1948893070220947, 0.9986361861228943
25, 7, 0.6704208254814148, 0.6172882318496704, -0.6793770790100098, 0.9987241625785828
25, 8, 0.45333489775657654, 0.6156885623931885, -0.6395368576049805, 0.9990054965019226
25, 9, 0.5868504643440247, 0.715713620185852, -1.0773710012435913, 0.9989116191864014
25, 10, 0.4978579878807068, 0.723821759223938, -1.067646861076355, 0.9991430044174194
25, 11, 0.8362796902656555, 0.9806289076805115, -0.39794912934303284, 0.9637132287025452
25, 12, 0.33616161346435547, 0.9752453565597534, -0.3334469497203827, 0.9859080910682678
25, 13, 0.9496974945068359, 1.3732653856277466, -0.6645963191986084, 0.05266460031270981
25, 14, 0.23144598305225372, 1.4301965236663818, -0.5486082434654236, 0.163783997297287
25, 15, 0.9030865430831909, 1.62923264503479, -1.3180644512176514, 0.029994528740644455
25, 16, 0.28006449341773987, 1.6798313856124878, -1.4256080389022827, 0.06469070911407471
25, 17, 0.9274342656135559, 1.7329845428466797, -1.4905225038528442, 0.04900321736931801
25, 18, 0.27262866497039795, 1.7957894802093506, -1.633307695388794, 0.09534664452075958
25, 19, 0.8753200769424438, 1.7102317810058594, -1.5543761253356934, 0.07530103623867035
25, 20, 0.3172520697116852, 1.751615285873413, -1.7010860443115234, 0.15185323357582092
25, 21, 0.8550424575805664, 1.672611951828003, -1.3733482360839844, 0.07260201126337051
25, 22, 0.328443318605423, 1.711674451828003, -1.4852091073989868, 0.13353678584098816
25, 23, 0.7832150459289551, 1.8813750743865967, -0.09192521870136261, 0.0011740067275241017
25, 24, 0.4382402300834656, 1.8894028663635254, 0.09859688580036163, 0.0010487304534763098
25, 25, 0.8026636838912964, 2.608778953552246, -0.26078861951828003, 0.0019722513388842344
25, 26, 0.487687885761261, 2.601097822189331, -0.16314439475536346, 0.0007794102421030402
25, 27, 0.8294440507888794, 3.2613301277160645, 0.26438838243484497, 0.00016240884724538773
25, 28, 0.5081256031990051, 3.2731451988220215, 0.13791362941265106, 3.265785926487297e-05
25, 29, 0.8500644564628601, 3.369736671447754, 0.2687095105648041, 0.00011974692461080849
25, 30, 0.5076329112052917, 3.387267827987671, 0.13841179013252258, 6.986863445490599e-05
25, 31, 0.7510535717010498, 3.47117280960083, -0.5202705264091492, 0.00015788772725500166
25, 32, 0.5542604327201843, 3.4775609970092773, -0.6782897114753723, 0.00023153955407906324
26, 0, 0.5274604558944702, 0.6570559740066528, -1.266075849533081, 0.9942792654037476
26, 1, 0.5699054598808289, 0.5860716104507446, -1.1946327686309814, 0.9924302697181702
26, 2, 0.5946144461631775, 0.5890876054763794, -1.195355772972107, 0.9935998916625977
26, 3, 0.6160645484924316, 0.5935112237930298, -1.196103811264038, 0.9920868277549744
26, 4, 0.5003399848937988, 0.5918475389480591, -1.1775436401367188, 0.9917058944702148
26, 5, 0.47894638776779175, 0.5970369577407837, -1.1769335269927979, 0.99310702085495
26, 6, 0.46036988496780396, 0.6028178930282593, -1.1776998043060303, 0.9922531247138977
26, 7, 0.6685893535614014, 0.6326985955238342, -0.6858019828796387, 0.9936918020248413
26, 8, 0.45734959840774536, 0.638586163520813, -0.5951834917068481, 0.9940273761749268
26, 9, 0.5847278237342834, 0.7368229627609253, -1.0701904296875, 0.9939537644386292
26, 10, 0.4926139712333679, 0.7480016946792603, -1.0458065271377563, 0.9945154786109924
26, 11, 0.8449521064758301, 0.9892467260360718, -0.4333264231681824, 0.890446126461029
26, 12, 0.35610535740852356, 0.9784679412841797, -0.22416898608207703, 0.9516521096229553
26, 13, 0.953652560710907, 1.4131603240966797, -0.5752925872802734, 0.05621050298213959
26, 14, 0.22489523887634277, 1.403221607208252, -0.3527017831802368, 0.12657831609249115
26, 15, 0.9231151342391968, 1.7090080976486206, -1.0070934295654297, 0.015384875237941742
26, 16, 0.2814844250679016, 1.6213313341140747, -1.1484241485595703, 0.04087493568658829
26, 17, 0.9501067399978638, 1.8279255628585815, -1.1440331935882568, 0.022993577644228935
26, 18, 0.2803919315338135, 1.7298976182937622, -1.321883201599121, 0.055133722722530365
26, 19, 0.904352068901062, 1.8125975131988525, -1.2154825925827026, 0.03552207350730896
26, 20, 0.31773680448532104, 1.6984748840332031, -1.3958228826522827, 0.08715261518955231
26, 21, 0.8843892812728882, 1.764914631843567, -1.0572168827056885, 0.035772643983364105
26, 22, 0.32489773631095886, 1.6622943878173828, -1.208394169807434, 0.07865658402442932
26, 23, 0.7989113330841064, 1.932056188583374, -0.1482953280210495, 0.0007920095231384039
26, 24, 0.46424347162246704, 1.9325730800628662, 0.1539050042629242, 0.0006609983975067735
26, 25, 0.8186094164848328, 2.6461422443389893, -0.4238719344139099, 0.003317180322483182
26, 26, 0.503624677658081, 2.642747640609741, -0.03850008547306061, 0.0017453322652727365
26, 27, 0.8567129969596863, 3.3496806621551514, 0.0926143079996109, 0.0004206191224511713
26, 28, 0.5402842164039612, 3.356048583984375, 0.19965679943561554, 0.00014351635763887316
26, 29, 0.8843324780464172, 3.4687612056732178, 0.09688284248113632, 0.0002576689003035426
26, 30, 0.5473819375038147, 3.4739420413970947, 0.19493409991264343, 0.00032229299540631473
26, 31, 0.7815936803817749, 3.55460786819458, -0.6706064343452454, 0.0002847706200554967
26, 32, 0.563186526298523, 3.5709409713745117, -0.5793312191963196, 0.0005456787766888738
27, 0, 0.5309838652610779, 0.6484177112579346, -1.2336312532424927, 0.9972471594810486
27, 1, 0.5704337358474731, 0.577018141746521, -1.1675117015838623, 0.9963762164115906
27, 2, 0.5948436856269836, 0.5781271457672119, -1.1681733131408691, 0.9968454241752625
27, 3, 0.615574836730957, 0.5814260244369507, -1.168616771697998, 0.9960324168205261
27, 4, 0.5026922821998596, 0.5831271409988403, -1.1447933912277222, 0.9960423707962036
27, 5, 0.48256736993789673, 0.5876926183700562, -1.14407479763031, 0.9965969920158386
27, 6, 0.4661475718021393, 0.5924865007400513, -1.1447322368621826, 0.9962875843048096
27, 7, 0.6692160367965698, 0.6260786056518555, -0.7016172409057617, 0.9972852468490601
27, 8, 0.4637371003627777, 0.6333318948745728, -0.5786731839179993, 0.9971171617507935
27, 9, 0.5864413976669312, 0.7294250726699829, -1.0553284883499146, 0.9973767995834351
27, 10, 0.49990424513816833, 0.7414642572402954, -1.022130012512207, 0.997639536857605
27, 11, 0.8429199457168579, 0.9808790683746338, -0.5042479038238525, 0.9364486932754517
27, 12, 0.3709094226360321, 0.9884000420570374, -0.21707658469676971, 0.9715868234634399
27, 13, 0.9549449682235718, 1.387157678604126, -0.7143691182136536, 0.10188286751508713
27, 14, 0.27330106496810913, 1.450088381767273, -0.3429655432701111, 0.18194155395030975
27, 15, 0.8933847546577454, 1.660935878753662, -1.191885232925415, 0.028682537376880646
27, 16, 0.337360143661499, 1.7093113660812378, -1.183306336402893, 0.0520709790289402
27, 17, 0.9123461842536926, 1.773447871208191, -1.3483792543411255, 0.03733469173312187
27, 18, 0.34205496311187744, 1.833450436592102, -1.3546817302703857, 0.07133128494024277
27, 19, 0.8617072105407715, 1.7553811073303223, -1.3924040794372559, 0.05638784170150757
27, 20, 0.3811158537864685, 1.7902191877365112, -1.4348978996276855, 0.11152797937393188
27, 21, 0.8449352979660034, 1.7125903367996216, -1.231204628944397, 0.05901611968874931
27, 22, 0.38785624504089355, 1.7470474243164062, -1.2447607517242432, 0.10143589973449707
27, 23, 0.797635018825531, 1.8839176893234253, -0.1725754588842392, 0.001354789943434298
27, 24, 0.47055426239967346, 1.8901952505111694, 0.1785384565591812, 0.0009672882733866572
27, 25, 0.8102957010269165, 2.5459818840026855, -0.35277947783470154, 0.0019184128614142537
27, 26, 0.5143651962280273, 2.548119068145752, 0.0964106023311615, 0.0011750030098482966
27, 27, 0.8493977785110474, 3.1944544315338135, 0.23034071922302246, 0.00014902109978720546
27, 28, 0.5502639412879944, 3.2043728828430176, 0.42397770285606384, 5.481546395458281e-05
27, 29, 0.8807185888290405, 3.3035616874694824, 0.2417861521244049, 0.00010225645382888615
27, 30, 0.5573705434799194, 3.3158459663391113, 0.43125587701797485, 0.00014670520613435656
27, 31, 0.7659056782722473, 3.4023842811584473, -0.48804157972335815, 0.00014251229004003108
27, 32, 0.5743568539619446, 3.4163317680358887, -0.3011198341846466, 0.00029941703542135656
